{
	"loader": "fusion:model",
   "type": "connecting",
   "connections": [
        {
         "type": "is_same_block"
        },
		{
			"type": "match_block",
            "block": "mekanism:thermal_evaporation_block"
		},
		{
			"type": "match_block",
            "block": "mekanism:thermal_evaporation_valve"
		}
    ],
  "parent": "mekanism:block/machine",
  "textures": {
        "sides":"mekanism:block/thermal_evaporation_block",
		"top":"mekanism:block/thermal_evaporation_block_top",
	    "bottom":"mekanism:block/thermal_evaporation_block_top",
	    "front":"mekanism:block/thermal_evaporation_controller"
    }
}