{
    "variants": {
        "minecraft:textures/entity/axolotl/axolotl_blue.png": "outlined_sprite:minecraft/axolotl/blue.png",
        "minecraft:textures/entity/axolotl/axolotl_cyan.png": "outlined_sprite:minecraft/axolotl/cyan.png",
        "minecraft:textures/entity/axolotl/axolotl_gold.png": "outlined_sprite:minecraft/axolotl/gold.png",
        "minecraft:textures/entity/axolotl/axolotl_wild.png": "outlined_sprite:minecraft/axolotl/wild.png",
		"default": "outlined_sprite:minecraft/axolotl/axolotl.png"
    }
}